OE-CONNECT ID,SHELFMARK,OE contents,URL_DIGITAL,Fragment or full,City,Institution,Country,latitude,longitude,URL_GN,URL_ASMMF,Ker ID,URL_Searobend
001,"Paris, private collection (formerly Oslo and London, Schøyen Collection, MS 197)","Old English glosses to Aldhelm's ""De laudibus virginitatis""",https://www.schoyencollection.com/palaeography-collection-introduction/latin-book-scripts/national-regional-scripts/anglo-saxon-minuscule/ms-197,Fragment,Paris,Private collection,France,48.85340881,2.34879994,https://clasp.ell.ox.ac.uk/db-latest/apmo/entry/857,https://journals.lib.sfu.ca/index.php/asmmf/article/view/5934,Ker 12_1976,https://kg.searobend.adaptcentre.ie/notional-manuscript/Ker/12_1976
002,"Admont, Benediktinerstift, Cod. 225","""Bede's Death Song"" (<a href=""https://manuscripta.at/diglit/AT1000-225/0498"" target=""_blank"">fol. 249v</a>)",https://manuscripta.at/hs_detail.php?ID=26086,Full MS,Admont,Benediktinerstift,Austria,47.57537,14.46075,,,Ker A1,https://kg.searobend.adaptcentre.ie/notional-manuscript/Ker/A1
003,"Alkmaar, Regionaal Archief, 135 A 9",Old English interlinear glosses to the Psalter (N-Psalter),https://fragmentarium.ms/overview/F-7006,Fragment,Alkmaar,Regionaal Archief,Netherlands,52.63167,4.74861,,,,
004,"Angers, Bibliothèque municipale, Ms. 477",Old English scribbles (fol. 96r),https://portail.biblissima.fr/ark:/43093/mdata3048d345460e5494f9661bd2c08d5abc415d7992,Full MS,Angers,Bibliothèque municipale,France,47.47156,-0.55202,,https://journals.lib.sfu.ca/index.php/asmmf/article/view/5805,Ker A40,https://kg.searobend.adaptcentre.ie/notional-manuscript/Ker/A40
005,"Antwerp, Plantin-Moretus Museum, MS 16.8 (190)","Two glosses to Boethius, De consolatione philosophiæ (fol. 36r)",https://go.wander.be/record/opacmpm/c:lvd:14010531,Full MS,Antwerp,Museum Plantin-Moretus,Belgium,51.22047,4.40026,https://clasp.ell.ox.ac.uk/db-latest/apmo/entry/776,https://journals.lib.sfu.ca/index.php/asmmf/article/view/5693,Ker 3,https://kg.searobend.adaptcentre.ie/notional-manuscript/Ker/3
006,"Antwerp, Plantain-Moretus Museum, MS 16.2 (47)",Old English glosses,https://dams1.antwerpen.be/asset/Q28RhuEjmAPacEZNfvMbqqHO,Full MS,Antwerp,Museum Plantin-Moretus,Belgium,51.22047,4.40026,https://clasp.ell.ox.ac.uk/db-latest/apmo/entry/775,https://journals.lib.sfu.ca/index.php/asmmf/article/view/5692,Ker 2,https://kg.searobend.adaptcentre.ie/notional-manuscript/Ker/2
007,"Arras, Médiathèque de l'Abbaye Saint-Vaast, 764 (CGM 739)",Old English scribbles,https://arca.irht.cnrs.fr/ark:/63955/md430287101q,Full MS,Arras,Médiathèque de l'Abbaye Saint-Vaast,France,50.29301,2.78186,https://clasp.ell.ox.ac.uk/db-latest/apmo/entry/779,https://journals.lib.sfu.ca/index.php/asmmf/article/view/5806,Ker 4,https://kg.searobend.adaptcentre.ie/notional-manuscript/Ker/4
008,"Arras, Médiathèque de l'Abbaye Saint-Vaast , 764 (CGM 739)","Three glosses to Isidore, De ortu et obitu patrum: 'gerecum' (fol. 168r), ‘herdu' (fol. 174v), ‘her' (fol. 174v)",https://arca.irht.cnrs.fr/ark:/63955/md430287101q,Full MS,Arras,Médiathèque de l'Abbaye Saint-Vaast,France,50.29301,2.78186,https://clasp.ell.ox.ac.uk/db-latest/apmo/entry/780,https://journals.lib.sfu.ca/index.php/asmmf/article/view/5806,Ker 5,https://kg.searobend.adaptcentre.ie/notional-manuscript/Ker/5
009,"Augsburg, Universitätsbibliothek Cod. I.2.4°2",Old English dry-point glosses to the Bible,https://www.bavarikon.de/object/bav:UBA-HSS-00000BAV80000020,Full MS,Augsburg,Universitätsbibliothek,Germany,48.37154,10.89851,,,Ker 287*,https://kg.searobend.adaptcentre.ie/notional-manuscript/Ker/287asterisk
010,"Bamberg, Staatsbibliothek, Msc.Bibl.22","""Bede's Death Song"" (<a href=""https://www.digitale-sammlungen.de/de/view/bsb00140663?page=44,45"" target=""_blank"">fol. 21r</a>)",https://www.digitale-sammlungen.de/view/bsb00140663?page=%2C1,Full MS,Bamberg,Staatsbibliothek,Germany,49.89873,10.90067,,,Ker A2,https://kg.searobend.adaptcentre.ie/notional-manuscript/Ker/A2
011,"Basel, Universitätsbibliothek, F. 111, 15a","Medical recipe ""uuidhar cancur"" with mixed Old English/Old High German features (<a href=""https://www.e-codices.unifr.ch/en/ubb/F-III-0015a/17r"" target=""_blank"">fol. 17r</a>)",https://www.e-codices.unifr.ch/en/ubb/F-III-0015a/,Full MS,Basel,Universitätsbibliothek,Switzerland,47.55839,7.57327,,https://journals.lib.sfu.ca/index.php/asmmf/article/view/5848,Ker A3,https://kg.searobend.adaptcentre.ie/notional-manuscript/Ker/A3
012,"Berlin, Staatsbibliothek, Nachl. Grimm 132,2",Old English glosses in the glossary marked by a small s (saxonice) above the word,https://digital.staatsbibliothek-berlin.de/werkansicht/?PPN=PPN1759392146,Fragment,Berlin,Staatsbibliothek,Germany,52.52436829,13.41053009,https://clasp.ell.ox.ac.uk/db-latest/apmo/entry/792,,Ker 413,https://kg.searobend.adaptcentre.ie/notional-manuscript/Ker/413
013,"Bern, Burgerbibliothek, Cod. 671 ","Four short Old English legal documents (f. 75v–76v). <br><br><a href=""https://katalog.burgerbib.ch/detail.aspx?ID=129694"" target=""_blank"">Some images available online</a> ",,Full MS,Bern,Burgerbibliothek,Switzerland,46.94809,7.44744,https://clasp.ell.ox.ac.uk/db-latest/apmo/entry/794,https://journals.lib.sfu.ca/index.php/asmmf/article/view/5850,Ker 6,https://kg.searobend.adaptcentre.ie/notional-manuscript/Ker/6
014,"Bern, Burgerbibliothek, Cod. 258",Old Testament glossae collectae with Old English interpretations,https://www.e-codices.unifr.ch/en/list/one/bbb/0258,Full MS,Bern,Burgerbibliothek,Switzerland,46.94809,7.44744,,https://journals.lib.sfu.ca/index.php/asmmf/article/view/5849,Ker A5,https://kg.searobend.adaptcentre.ie/notional-manuscript/Ker/A5
015,"Boulogne-sur-Mer, Bibliothèque Municipale des Annonciades, MS 189",Old English interlinear glosses to various works of Prudentius,https://portail.biblissima.fr/ark:/43093/mdata8533caa0589c580648d689ba65d5eb0ed8c7ecb4,Full MS,Boulogne-sur-Mer,Bibliothèque municipale des Annonciades,France,50.72485,1.61373,https://clasp.ell.ox.ac.uk/db-latest/apmo/entry/805,https://journals.lib.sfu.ca/index.php/asmmf/article/view/5808,Ker 7,https://kg.searobend.adaptcentre.ie/notional-manuscript/Ker/7
016,"Boulogne-sur-Mer, Bibliothèque Municipale des Annonciades, MS 32",A gloss ‘uit\h/laes’ to ‘conluuionis’ ,https://portail.biblissima.fr/fr/ark:/43093/mdata653898db62284864c98a609f12da2a0f869634a4,Full MS,Boulogne-sur-Mer,Bibliothèque municipale des Annonciades,France,50.72485,1.61373,https://clasp.ell.ox.ac.uk/db-latest/apmo/entry/799,https://journals.lib.sfu.ca/index.php/asmmf/article/view/5807,Ker 6*,https://kg.searobend.adaptcentre.ie/notional-manuscript/Ker/6asterisk
017,"Brussels, Bibliothèque Royale, MS 8654-72",The words 'Locustae gressophe' and 'siluestre treumbicin' (fols. 134-134v),https://uurl.kbr.be/bib/18537489,Full MS,Brussels,Bilbiothèque Royale,Belgium,50.85045,4.34878,https://clasp.ell.ox.ac.uk/db-latest/apmo/entry/808,https://journals.lib.sfu.ca/index.php/asmmf/article/view/5699,Ker A6,https://kg.searobend.adaptcentre.ie/notional-manuscript/Ker/A6
018,"Brussels, Bibliothèque Royale, MS 1650","Old English interlinear glosses to Aldhelm's ""De Virginitate""",https://belgica.kbr.be/BELGICA/doc/SYRACUSE/18366850,Full MS,Brussels,Bilbiothèque Royale,Belgium,50.85045,4.34878,https://clasp.ell.ox.ac.uk/db-latest/apmo/entry/806,https://journals.lib.sfu.ca/index.php/asmmf/article/view/5695,Ker 8,https://kg.searobend.adaptcentre.ie/notional-manuscript/Ker/8
019,"Brussels, Bibliothèque Royale, MS 1828-30",Five short Latin-OE glossaries on fol. 50r and fols. 94r-95r,https://uurl.kbr.be/bib/17185263,Full MS,Brussels,Bilbiothèque Royale,Belgium,50.85045,4.34878,https://clasp.ell.ox.ac.uk/db-latest/apmo/entry/807,https://journals.lib.sfu.ca/index.php/asmmf/article/view/5696,Ker 9,https://kg.searobend.adaptcentre.ie/notional-manuscript/Ker/9
020,"Brussels, Bibliothèque Royale, MS 8558-63 (2498)",Old English Glosses and comments to the penitentials,https://uurl.kbr.be/1609340,Full MS,Brussels,Bilbiothèque Royale,Belgium,50.85045,4.34878,https://clasp.ell.ox.ac.uk/db-latest/apmo/entry/808,https://journals.lib.sfu.ca/index.php/asmmf/article/view/5698,Ker 10A,https://kg.searobend.adaptcentre.ie/notional-manuscript/Ker/10A
021,"Cologne, Erzbischöfliche Diözesan- und Dombibliothek, Cod. 211",A few vernacular gloss interpretations to Genesis and 3 Kings seem to go back to an OE source,https://digital.dombibliothek-koeln.de/hs/content/zoom/231909,Full MS,Cologne,Erzbischöfliche Diözesan- und Dombibliothek,Germany,50.93333,6.95,,https://journals.lib.sfu.ca/index.php/asmmf/article/view/5985,Ker A7,https://kg.searobend.adaptcentre.ie/notional-manuscript/Ker/A7
022,"Cologne, Erzbischöfliche Diözesan- und Dombibliothek, Cod. 213","A single Old English gloss: 'hroemgu<m>' on  <a href=""https://digital.dombibliothek-koeln.de/hs/content/zoom/232334"" target=""_blank"">fol. 122v/23</a>, left margin (scratched)",https://digital.dombibliothek-koeln.de/hs/content/titleinfo/232084,Full MS,Cologne,Erzbischöfliche Diözesan- und Dombibliothek,Germany,50.93333,6.95,https://clasp.ell.ox.ac.uk/db-latest/apmo/entry/836,https://journals.lib.sfu.ca/index.php/asmmf/article/view/5641,Ker 98*,https://kg.searobend.adaptcentre.ie/notional-manuscript/Ker/98asterisk
023,"Cologny, Fondation Martin Bodmer, Cod. Bodmer 2",Fragment of an OE homily for Septuagesima Sunday by Ælfric of Eynsham,https://www.e-codices.unifr.ch/en/list/one/fmb/cb-0002,Fragment,Cologny,Fondation Martin Bodmer,Switzerland,46.21672,6.18041,https://clasp.ell.ox.ac.uk/db-latest/apmo/entry/828,https://journals.lib.sfu.ca/index.php/asmmf/article/view/5851,Ker 285_1976,https://kg.searobend.adaptcentre.ie/notional-manuscript/Ker/285_1976
024,"Copenhagen, Det Kongelige Bibliotek, Fragm. 1996",Fragments of two sermons by Ælfric,,Fragment,Copenhagen,Det Kongelige Bibliotek,Denmark,55.67594,12.56553,,https://journals.lib.sfu.ca/index.php/asmmf/article/view/5872,Ker [430],https://kg.searobend.adaptcentre.ie/notional-manuscript/Ker/430
025,"Copenhagen, Det Kongelige Bibliotek, GKS 1595 kvart","An exhortation to pay heed to ‘godcunde lare' is added in a blank space on <a href=""https://digitalesamlinger.kb.dk/manus/vmanus/2011/dec/ha/object346586/en/#kbOSD-0=page:138"" target=""_blank"">fol. 66v</a> of a manuscript of sermons",https://digitalesamlinger.kb.dk/manus/vmanus/2011/dec/ha/object346586/en/,Full MS,Copenhagen,Det Kongelige Bibliotek,Denmark,55.67594,12.56553,https://clasp.ell.ox.ac.uk/db-latest/apmo/entry/814,https://journals.lib.sfu.ca/index.php/asmmf/article/view/5987,Ker 99,https://kg.searobend.adaptcentre.ie/notional-manuscript/Ker/99
026,"Copenhagen, Det Kongelige Bibliotek, Fragm. 2034 ",Glosses in a copy of Bede's life of St. Cuthbert in verse,,Fragment,Copenhagen,Det Kongelige Bibliotek,Denmark,55.67594,12.56553,https://clasp.ell.ox.ac.uk/db-latest/apmo/entry/815,https://journals.lib.sfu.ca/index.php/asmmf/article/view/5988,Ker 100,https://kg.searobend.adaptcentre.ie/notional-manuscript/Ker/100
027,"Copenhagen, Det Kongelige Bibliotek, NKS 167 b kvart","""Waldere""",https://digitalesamlinger.kb.dk/manus/vmanus/2011/dec/ha/object55523/en/,Fragment,Copenhagen,Det Kongelige Bibliotek,Denmark,55.67594,12.56553,https://clasp.ell.ox.ac.uk/db-latest/apmo/entry/816 ,https://journals.lib.sfu.ca/index.php/asmmf/article/view/5989,Ker 101,https://kg.searobend.adaptcentre.ie/notional-manuscript/Ker/101
028,"Dijon, Bibliothèque Municipale, 574 (334)","Caedmon's Hymn (f. 59v). <br><br><a href=""https://arca.irht.cnrs.fr/ark:/63955/md69m326m92t"" target=""_blank"">Some images available online</a>",,Full MS,Dijon,Bibliothèque Municipale,France,47.31667,5.01667,,https://journals.lib.sfu.ca/index.php/asmmf/article/view/5809,Ker A8,https://kg.searobend.adaptcentre.ie/notional-manuscript/Ker/A8
029,"Dresden, Sächsische Landesbibliothek, Mscr.Dresd.Dc.187",Old English glosses and names of herbs,http://digital.slub-dresden.de/id1972104411 ,Full MS,Dresden,Sächsische Landesbibliothek – Staats- und Universitätsbibliothek,Germany,51.05089,13.73832,,,Ker 102,https://kg.searobend.adaptcentre.ie/notional-manuscript/Ker/102
030,"Dublin, Trinity College, IE TCD MS 174",The words ‘of searbyrig ic eom' are on the recto of the first old flyleaf of a volume of lives of saints,https://digitalcollections.tcd.ie/concern/works/6t053p10f?locale=en,Full MS,Dublin,"Manuscripts & Archives Research Library, Trinity College Dublin",Ireland,53.33306,-6.24889,https://clasp.ell.ox.ac.uk/db-latest/apmo/entry/215,https://journals.lib.sfu.ca/index.php/asmmf/article/view/5549,Ker 103,https://kg.searobend.adaptcentre.ie/notional-manuscript/Ker/103
031,"Dublin, Trinity College, IE TCD MS 492 ",Bede's Death Song (fol. 176r),https://digitalcollections.tcd.ie/concern/works/z603r273h?locale=en,Full MS,Dublin,"Manuscripts & Archives Research Library, Trinity College Dublin",Ireland,53.33306,-6.24889,,https://journals.lib.sfu.ca/index.php/asmmf/article/view/5550,Ker 104,https://kg.searobend.adaptcentre.ie/notional-manuscript/Ker/104
032,"Einsiedeln, Stiftsbibliothek, Codex 32(1060)","Some Old English glosses on Aldhelm, Carmen de virginitate, and works by Jerome",https://www.e-codices.unifr.ch/en/list/one/sbe/0032,Full MS,Einsiedeln,Stiftsbibliothek,Switzerland,47.12849,8.74735,,https://journals.lib.sfu.ca/index.php/asmmf/article/view/5852,Ker A9,https://kg.searobend.adaptcentre.ie/notional-manuscript/Ker/A9
033,"El Escorial, Real Biblioteca, e-II-1","The words ‘Þas boc syllþ ælfgyþ gode into horetune' at the top of f. 1r of a copy of Boethius, De consolatione philosophiæ ",,,El Escorial,Real Biblioteca del Monasterio de El Escorial,Spain,40.58254,-4.12846,https://clasp.ell.ox.ac.uk/db-latest/apmo/entry/823,,Ker 115,https://kg.searobend.adaptcentre.ie/notional-manuscript/Ker/115
034,"Elbląg, Biblioteka Elbląska im. C. Norwida, SD.XVI.1480 (inw. 736)",Old English interlinear glosses to the Psalter (N-Psalter),https://fragmentarium.ms/overview/F-x8t7,Fragment,Elbląg,Biblioteka Elbląska im. C. Norwida,Poland,54.1522,19.40884,,,,
035,"Épinal, Bibliothèque Municipale, 72, ff. 94r-107",About 950 glosses in Old English in an alphabetical glossary,https://galeries.limedia.fr/ark:/18128/d0s75hg5922r9k39/p1,Full MS,Épinal,Bibliothèque Municipale,France,48.18324,6.45304,https://clasp.ell.ox.ac.uk/db-latest/apmo/entry/824,https://journals.lib.sfu.ca/index.php/asmmf/article/view/5810,Ker 114,https://kg.searobend.adaptcentre.ie/notional-manuscript/Ker/114
036,"Erfurt, Universitätsbibliothek, Dep. Erf., CA 2° 42",Three alphabetical glossaries,https://dhb.thulb.uni-jena.de/receive/ufb_cbu_00016652,Full MS,Erfurt,Universitätsbibliothek,Germany,50.9787,11.03283,,,Ker A10,https://kg.searobend.adaptcentre.ie/notional-manuscript/Ker/A10
037,"Fulda,  Hochschul- und Landesbibliothek, Aa.2",Glosses (OHg) derived from Old English,https://fuldig.hs-fulda.de/viewer/image/PPN31018939X/,Full MS,Fulda,Hochschul- und Landesbibliothek,Germany,50.55162,9.67518,,https://journals.lib.sfu.ca/index.php/asmmf/article/view/5984,Ker A11,https://kg.searobend.adaptcentre.ie/notional-manuscript/Ker/A11
038,"Fulda,  Hochschul- und Landesbibliothek, ","Old English glosses to Isidore, Synonyma",https://fuldig.hs-fulda.de/viewer/image/PPN438486781/,Full MS,Fulda,Hochschul- und Landesbibliothek,Germany,50.55162,9.67518,,,Ker A41,https://kg.searobend.adaptcentre.ie/notional-manuscript/Ker/A41
039,"Haarlem, Noord-Hollands Archief, 188 F 53",Old English interlinear glosses to the Psalter (N-Psalter),https://fragmentarium.ms/overview/F-r81q,Fragment,Haarlem,Noord-Hollands Archief,Netherlands,52.3808403,4.63682985,https://clasp.ell.ox.ac.uk/db-latest/apmo/entry/141,https://journals.lib.sfu.ca/index.php/asmmf/article/view/5702,Ker 79_1976,https://kg.searobend.adaptcentre.ie/notional-manuscript/Ker/79_1976
040,"Heiligenkreuz, Zisterzienserstift, 12","Bede's Death Song  (<a href=""https://manuscripta.at/diglit/AT3500-12/0347"" target=""_blank>fols.170v-171</a>)",https://manuscripta.at/diglit/AT3500-12/0001,Full MS,Heiligenkreuz,Zisterzienserstift,Austria,48.04261,16.15292,,,Ker A13,https://kg.searobend.adaptcentre.ie/notional-manuscript/Ker/A13
041,"Karlsruhe, Badische Landesbibliothek, Aug. perg. 135","Old English glosses on the books of the Old Testament (<a href=""https://digital.blb-karlsruhe.de/blbhs/content/pageview/498225"" target=""_blank"">fols. 96-105v</a>)",https://digital.blb-karlsruhe.de/blbhs/content/pageview/498035,Full MS,Karlsruhe,Badische Landesbibliothek,Germany,49.00937,8.40444,,https://journals.lib.sfu.ca/index.php/asmmf/article/view/5945,Ker A15,https://kg.searobend.adaptcentre.ie/notional-manuscript/Ker/A15
042,"Karlsruhe, Badische Landesbibliothek, Aug. perg. 231",Old English glosses on Walahfrid Strabo's abbreviation of Hrabanus Maurus's commentary on Leviticus,https://digital.blb-karlsruhe.de/blbhs/content/pageview/208827,Full MS,Karlsruhe,Badische Landesbibliothek,Germany,49.00937,8.40444,,https://journals.lib.sfu.ca/index.php/asmmf/article/view/5946,Ker A16,https://kg.searobend.adaptcentre.ie/notional-manuscript/Ker/A16
043,"Karlsruhe, Badische Landesbibliothek, Aug. perg. 99",Old English glosses corresponding to sections of the Leiden Glossary,https://digital.blb-karlsruhe.de/blbhs/content/pageview/195786,Full MS,Karlsruhe,Badische Landesbibliothek,Germany,49.00937,8.40444,,https://journals.lib.sfu.ca/index.php/asmmf/article/view/5944,Ker A14,https://kg.searobend.adaptcentre.ie/notional-manuscript/Ker/A14
044,"Kassel, Landesbibliothek, 2° Ms. theol. 65","Scratched glosses on <a href=""https://orka.bibliothek.uni-kassel.de/viewer/image/1300794951988/19/#topDocAnchor"" target=""_blank"">fols. 9v-11r</a> of a copy of Egesippus ",https://orka.bibliothek.uni-kassel.de/viewer/image/1300794951988/1/,Full MS,Kassel,Landesbibliothek,Germany,51.31667,9.5,https://clasp.ell.ox.ac.uk/db-latest/apmo/entry/834,,Ker 121*,https://kg.searobend.adaptcentre.ie/notional-manuscript/Ker/121asterisk
045,"Leiden, Leiden University Libraries, VLQ 106","A collection of riddles by Symphosius and Aldhelm, including the Old English ""Leiden Riddle"" on f. 25v; OE names of elves on f. 10",https://iiif.biblissima.fr/collections/manifest/665a6b5cf8f32f1f4140f80e1ad229dff2af8a2b,Full MS,Leiden,Leiden University Libraries,Netherlands,52.15832901,4.49306011,https://clasp.ell.ox.ac.uk/db-latest/apmo/entry/795,https://journals.lib.sfu.ca/index.php/asmmf/article/view/5706,Ker A19,https://kg.searobend.adaptcentre.ie/notional-manuscript/Ker/A19
046,"Leiden, Leiden University Libraries, VLQ 69","""Leiden Glossary""",https://iiif.biblissima.fr/collections/manifest/0c48eaaa0f45552e8483ae9c0037f63e1234c108,Full MS,Leiden,Leiden University Libraries,Netherlands,52.15832901,4.49306011,,https://journals.lib.sfu.ca/index.php/asmmf/article/view/5705,Ker A18,https://kg.searobend.adaptcentre.ie/notional-manuscript/Ker/A18
047,"Leiden, Leiden University Libraries, VLF 24",Scattered integral Old English glosses,https://iiif.biblissima.fr/collections/manifest/2bfa59f749473ec7551053ee1604fed869339e96,Full MS,Leiden,Leiden University Libraries,Netherlands,52.15832901,4.49306011,,https://journals.lib.sfu.ca/index.php/asmmf/article/view/5703,Ker A17,https://kg.searobend.adaptcentre.ie/notional-manuscript/Ker/A17
048,"Milan, Biblioteca Ambrosiana, M.79 sup.","Biblical glosses with a few Old English elements mainly on fols. 63v, 71v, 77, and 2 Kings 16i",https://digitallibrary.unicatt.it/veneranda/0b02da828068eb17,Full MS,Milan,Veneranda Biblioteca Ambrosiana,Italy,45.46427,9.18951,,https://journals.lib.sfu.ca/index.php/asmmf/article/view/6009,Ker A20,https://kg.searobend.adaptcentre.ie/notional-manuscript/Ker/A20
049,"München, Bayerische Staatsbibliothek, Clm 29336 (1",Old English glosses,https://iiif.biblissima.fr/collections/manifest/2ba48cdfe3cc157154054e9c96c43ee43f140964,Fragment,Munich,Bayerische Staatsbibliothek,Germany,48.13743,11.57549,https://clasp.ell.ox.ac.uk/db-latest/apmo/entry/852,,Ker 286,https://kg.searobend.adaptcentre.ie/notional-manuscript/Ker/286
050,"München, Bayerische Staatsbibliothek, Clm 6408","Old English glossaries on <a href=""https://www.digitale-sammlungen.de/view/bsb00111484?page=99"" target=""_blank"">fols. 47v-48r</a> in a 48-leaf fragment of a manuscript containing a commentary on Priscian's grammar","https://www.digitale-sammlungen.de/en/view/bsb00111484?page=,1",Fragment,Munich,Bayerische Staatsbibliothek,Germany,48.13743,11.57549,,,Ker A21,https://kg.searobend.adaptcentre.ie/notional-manuscript/Ker/A21
051,"München, Bayerische Staatsbibliothek, Cgm 187, III",Part of the dispersed Werden Glossary,https://iiif.biblissima.fr/collections/manifest/7e2a7778a185697722fcb3cdbec1483ba2567c99,Fragment,Munich,Bayerische Staatsbibliothek,Germany,48.13743,11.57549,,https://journals.lib.sfu.ca/index.php/asmmf/article/view/5990,Ker A39,https://kg.searobend.adaptcentre.ie/notional-manuscript/Ker/A39
052,"Münster, Universitäts- und Landesbibliothek, Hs. 271 ",Part of the dispersed Werden Glossary,,Fragment,Münster,Universitäts- und Landesbibliothek,Germany,51.96236,7.62571,,https://journals.lib.sfu.ca/index.php/asmmf/article/view/5991,Ker A39,https://kg.searobend.adaptcentre.ie/notional-manuscript/Ker/A39
053,"Schøyen Collection, London/Oslo, MS 197","Aldhelm fragment, De laude Virginitatis",https://www.schoyencollection.com/palaeography-collection-introduction/latin-book-scripts/national-regional-scripts/anglo-saxon-minuscule/ms-197,Fragment,Oslo,Schøyen Collection,Norway,59.91273,10.74609,https://clasp.ell.ox.ac.uk/db-latest/apmo/entry/857,,Ker 428,https://kg.searobend.adaptcentre.ie/notional-manuscript/Ker/428
054,"Paris, Bibliotheque Nationale, Lat. 5506 (1)",,https://mandragore.bnf.fr/mirador/ark:/12148/btv1b52511536t,Full MS,Paris,Bibliothèque Nationale,France,48.85340881,2.34879994,,,Ker [431],https://kg.searobend.adaptcentre.ie/notional-manuscript/Ker/431
055,"Paris, Bibliotheque Nationale, Anglais 67",Ælfric's Grammar,https://gallica.bnf.fr/ark:/12148/btv1b52524974f,Fragment,Paris,Bibliothèque Nationale,France,48.85340881,2.34879994,,https://journals.lib.sfu.ca/index.php/asmmf/article/view/5751,Ker 363,https://kg.searobend.adaptcentre.ie/notional-manuscript/Ker/363
056,"Paris, Bibliotheque Nationale, Lat. 10443","Four Old English glosses, on fols. <a href=""https://gallica.bnf.fr/ark:/12148/btv1b104667400/f96.item"" target=""_blank"">45v</a>, <a href=""https://gallica.bnf.fr/ark:/12148/btv1b104667400/f108.item"" target=""_blank"">51v</a>, <a href=""https://gallica.bnf.fr/ark:/12148/btv1b104667400/f285.item"" target=""_blank"">140r</a>, <a href=""https://gallica.bnf.fr/ark:/12148/btv1b104667400/f296.item"" target""_blank"">145v</a>",https://gallica.bnf.fr/ark:/12148/btv1b104667400,Full MS,Paris,Bibliothèque Nationale,France,48.85340881,2.34879994,,,Ker A43,https://kg.searobend.adaptcentre.ie/notional-manuscript/Ker/A43
057,"Paris, Bibliotheque Nationale, Lat. 10575",The Egbert Pontifical,https://gallica.bnf.fr/ark:/12148/btv1b105422032,Full MS,Paris,Bibliothèque Nationale,France,48.85340881,2.34879994,https://clasp.ell.ox.ac.uk/db-latest/apmo/entry/896,,Ker 370,https://kg.searobend.adaptcentre.ie/notional-manuscript/Ker/370
058,"Paris, Bibliotheque Nationale, Lat. 1750, ff. 140-152","Eight glosses in a manuscript containing excerpts from Isidore, Etymologiae",https://gallica.bnf.fr/ark:/12148/btv1b8479009h/f289,Full MS,Paris,Bibliothèque Nationale,France,48.85340881,2.34879994,,,Ker A42,https://kg.searobend.adaptcentre.ie/notional-manuscript/Ker/A42
059,"Paris, Bibliotheque Nationale, Lat. 2685","Biblical glosses (<a href=""https://gallica.bnf.fr/ark:/12148/btv1b105467771/f96.item"" target=""_blank"">fols. 47-70</a>)",https://gallica.bnf.fr/ark:/12148/btv1b105467771,Full MS,Paris,Bibliothèque Nationale,France,48.85340881,2.34879994,,,Ker A23,https://kg.searobend.adaptcentre.ie/notional-manuscript/Ker/A23
060,"Paris, Bibliotheque Nationale, Lat. 2825, ff. 57-81","Seven glosses in a copy of Bede's verse life of St. Cuthbert, begins imperf. at l. 295",https://gallica.bnf.fr/ark:/12148/btv1b105420770,Full MS,Paris,Bibliothèque Nationale,France,48.85340881,2.34879994,https://clasp.ell.ox.ac.uk/db-latest/apmo/entry/882,,Ker 365,https://kg.searobend.adaptcentre.ie/notional-manuscript/Ker/365
061,"Paris, Bibliotheque Nationale, Lat. 7587","The gloss 'hland' to 'lotium'  (<a href=""https://gallica.bnf.fr/ark:/12148/btv1b9068430z/f135.item"" target=""_blank"">fol. 139r</a>) and a brief account of the gods of Roman mythology (<a href=""https://gallica.bnf.fr/ark:/12148/btv1b9068430z/f242.item"" target=""_blank"">fol. 238v</a>) ",https://gallica.bnf.fr/ark:/12148/btv1b9068430z,Full MS,Paris,Bibliothèque Nationale,France,48.85340881,2.34879994,,,Ker 366,https://kg.searobend.adaptcentre.ie/notional-manuscript/Ker/366
062,"Paris, Bibliotheque Nationale, Lat. 8092",Old English glosses,https://gallica.bnf.fr/ark:/12148/btv1b9067002z,Full MS,Paris,Bibliothèque Nationale,France,48.85340881,2.34879994,https://clasp.ell.ox.ac.uk/db-latest/apmo/entry/890,,Ker 425,https://kg.searobend.adaptcentre.ie/notional-manuscript/Ker/425
063,"Paris, Bibliotheque Nationale, Lat. 8824","Prose and verse translation of the Psalms in the right column, with the Latin text on the left",https://gallica.bnf.fr/ark:/12148/btv1b8451636f,Full MS,Paris,Bibliothèque Nationale,France,48.85340881,2.34879994,https://clasp.ell.ox.ac.uk/db-latest/apmo/entry/891,,Ker 367,https://kg.searobend.adaptcentre.ie/notional-manuscript/Ker/367
064,"Paris, Bibliotheque Nationale, Lat. 8846","Old English glosses to the opening words of pss. LIX, LXIV, LXXVII and LXXXVII in the Romanum",https://gallica.bnf.fr/ark:/12148/btv1b10551125c,Full MS,Paris,Bibliothèque Nationale,France,48.85340881,2.34879994,,https://journals.lib.sfu.ca/index.php/asmmf/article/view/5779,Ker 419,https://kg.searobend.adaptcentre.ie/notional-manuscript/Ker/419
065,"Paris, Bibliothèque Nationale, Lat. 943",Additions at the end of a pontifical of English use,https://gallica.bnf.fr/ark:/12148/btv1b6001165p,Full MS,Paris,Bibliothèque Nationale,France,48.85340881,2.34879994,https://clasp.ell.ox.ac.uk/db-latest/apmo/entry/879,https://journals.lib.sfu.ca/index.php/asmmf/article/view/5907,Ker 364,https://kg.searobend.adaptcentre.ie/notional-manuscript/Ker/364
066,"Paris, Bibliothèque Nationale, Lat. 9561","About 50 glosses to Gregory, Regula pastoralis, scratched with a stylus (<a href=""https://mandragore.bnf.fr/mirador/ark:/12148/btv1b105450235/f74"" target=""_blank"">fols. 33v-42</a>) ",https://mandragore.bnf.fr/mirador/ark:/12148/btv1b105450235,Full MS,Paris,Bibliothèque Nationale,France,48.85340881,2.34879994,https://clasp.ell.ox.ac.uk/db-latest/apmo/entry/894,,Ker 369,https://kg.searobend.adaptcentre.ie/notional-manuscript/Ker/369
067,"Paris, Bibliothèque Nationale, Nouv. Acq, Lat. 586",Old English glosses to Exceptiones de Prisciano,https://gallica.bnf.fr/ark:/12148/btv1b10546161n,Full MS,Paris,Bibliothèque Nationale,France,48.85340881,2.34879994,https://clasp.ell.ox.ac.uk/db-latest/apmo/entry/902,,Ker 371,https://kg.searobend.adaptcentre.ie/notional-manuscript/Ker/371
068,"Paris, Bibliothèque Sainte-Geneviève, 2410",,https://arca.irht.cnrs.fr/ark:/63955/md82k643d975,Full MS,Paris,Bibliothèque Sainte-Geneviève,France,48.85340881,2.34879994,https://clasp.ell.ox.ac.uk/db-latest/apmo/entry/903,,Ker [432],https://kg.searobend.adaptcentre.ie/notional-manuscript/Ker/432
069,"Rouen, Bibliothèque Municipale, 368 (A. 27)","Inscription of ownership, glosses and scribbles in the ‘Lanalet Pontifical'",https://arca.irht.cnrs.fr/ark:/63955/md68x920j07d,Full MS,Rouen,Bibliotheque Municipale,France,49.44313,1.09932,https://clasp.ell.ox.ac.uk/db-latest/apmo/entry/922,https://journals.lib.sfu.ca/index.php/asmmf/article/view/5811,Ker 374,https://kg.searobend.adaptcentre.ie/notional-manuscript/Ker/374
070,"Rouen, Bibliothèque Municipale,  524 (I. 49)","er romeburg getimbred were from frimðe weron agane feower ðusend wintra 7 feor hund. 7 twa 7 hund eahtatig. 7 æfter þem þe rome getimbroð wes wes ures drihtnes acenes ymb seofon hund wintre 7 tiene' on fol. 95v of a manuscript of Bede, De temporum ratione.  <br><br><a href=""https://arca.irht.cnrs.fr/ark:/63955/md731257bv87"" target=""_blank"">Some images available online</a>",,Full MS,Rouen,Bibliotheque Municipale,France,49.44313,1.09932,,https://journals.lib.sfu.ca/index.php/asmmf/article/view/5812,Ker 375,https://kg.searobend.adaptcentre.ie/notional-manuscript/Ker/375
071,"Rouen, Bibliothèque Municipale, 1385 (U. 107), ff. 28r-85r","Scribbles: 'amor lufu', 'amore for lufa', 'amator lufiend', on fol. 80v in a MS containing the life of St. Swithun. <br><br><a href=""https://arca.irht.cnrs.fr/ark:/63955/md81jh344v69"" target=""_blank"">Some images available online</a>",,Full MS,Rouen,Bibliotheque Municipale,France,49.44313,1.09932,https://clasp.ell.ox.ac.uk/db-latest/apmo/entry/927,https://journals.lib.sfu.ca/index.php/asmmf/article/view/5813,Ker 376,https://kg.searobend.adaptcentre.ie/notional-manuscript/Ker/376
072,"Rouen, Bibliothèque Municipale, 274 (Y. 6)","Rubrics in the order for visiting and anointing the sick on fols. 207r-212r and names of the months in the calendar on fols. 6r-11v. <br><br><a href=""https://arca.irht.cnrs.fr/ark:/63955/md569306v02t"" target=""_blank"">Some images available online</a>",,Full MS,Rouen,Bibliotheque Municipale,France,49.44313,1.09932,https://clasp.ell.ox.ac.uk/db-latest/apmo/entry/921,https://journals.lib.sfu.ca/index.php/asmmf/article/view/5814,Ker 377,https://kg.searobend.adaptcentre.ie/notional-manuscript/Ker/377
073,"St Petersburg, National Library of Russia, O. v. I. 45",,,Full MS,Saint Petersburg,National Library of Russia,Russia,59.93863,30.31413,https://clasp.ell.ox.ac.uk/db-latest/apmo/entry/842.5,,Ker [434],https://kg.searobend.adaptcentre.ie/notional-manuscript/Ker/434
074,"St Petersburg, National Library of Russia, O. v. XVI. 1, ff. 1-16",Old English verse 'a scæl gelæred smið swa he gelicost mæg be bisne wyrcan butan he bet cunne' among Latin scribbles and incomplete repetitions of the same OE words on fol. 15r,,Full MS,Saint Petersburg,National Library of Russia,Russia,59.93863,30.31413,https://clasp.ell.ox.ac.uk/db-latest/apmo/entry/844,https://journals.lib.sfu.ca/index.php/asmmf/article/view/5994,Ker 415,https://kg.searobend.adaptcentre.ie/notional-manuscript/Ker/415
075,"St. Petersburg, National Library of Russia, Lat.QvI 18","Caedmon's Hymn is added in three lines on <a href=""https://primo.nlr.ru/permalink/f/oo3rn7/07NLR_LMS010113391"" target=""_blank"">fol.107r</a> of a copy of Bede's Historia ecclesiastica",,Full MS,Saint Petersburg,National Library of Russia,Russia,59.93863,30.31413,https://clasp.ell.ox.ac.uk/db-latest/apmo/entry/846,https://journals.lib.sfu.ca/index.php/asmmf/article/view/5995,Ker 122,https://kg.searobend.adaptcentre.ie/notional-manuscript/Ker/122
076,"Saint-Omer, Bibliothèque d’Agglomération du Pays de Saint-Omer, 150",Old English glosses corresponding to section XXXIX of the Leiden Glossary,https://arca.irht.cnrs.fr/ark:/63955/md76f1882q06,Full MS,Saint-Omer,Bibliothèque d’Agglomération du Pays de Saint-Omer,France,50.74834,2.26091,,https://journals.lib.sfu.ca/index.php/asmmf/article/view/5815,Ker A30,https://kg.searobend.adaptcentre.ie/notional-manuscript/Ker/A30
077,"Salzburg, Salzburg Museum, 2163","A few Old English words occur in item 7, fol. 12r, ll. 2-10",,Full MS,Salzburg,Salzburg Museum,Austria,47.79941,13.04399,,https://journals.lib.sfu.ca/index.php/asmmf/article/view/5948,Ker A32_1976,https://kg.searobend.adaptcentre.ie/notional-manuscript/Ker/A32_1976
078,"Salzburg, Salzburg Museum, ff. 8-13","Two sentences incorporating Old English words on fol. 12, among glosses and other miscellanea on fols. 12-13",,Fragment,Salzburg,,Austria,47.79941,13.04399,,,Ker A32,https://kg.searobend.adaptcentre.ie/notional-manuscript/Ker/A32
079,"St. Gallen, Stiftsbibliothek, Cod. Sang. 254","Bede’s Death Song (<a href=""https://www.e-codices.ch/en/csg/0254/253/0/"" target=""_blank"">p. 253</a>) ",https://www.e-codices.ch/en/list/one/csg/0254,Full MS,Sankt Gallen,Stiftsbibliothek,Switzerland,47.42391,9.37477,,https://journals.lib.sfu.ca/index.php/asmmf/article/view/5992,Ker A25,https://kg.searobend.adaptcentre.ie/notional-manuscript/Ker/A25
080,"St. Gallen, Stiftsbibliothek, Cod. Sang. 283","Old English glosses (<a href=""https://www.e-codices.unifr.ch/en/csg/0283/482"" target=""_blank"">mainly pp. 482–485</a>)",https://www.e-codices.unifr.ch/en/list/one/csg/0283,Full MS,Sankt Gallen,Stiftsbibliothek,Switzerland,47.42391,9.37477,,https://journals.lib.sfu.ca/index.php/asmmf/article/view/5854,Ker A26,https://kg.searobend.adaptcentre.ie/notional-manuscript/Ker/A26
081,"St. Gallen, Stiftsbibliothek, Cod. Sang. 295","Old English glosses on Leviticus (<a href=""https://www.e-codices.unifr.ch/en/csg/0295/125"" target=""_blank"">pp. 125–131:57</a>) ",https://www.e-codices.unifr.ch/en/list/one/csg/0295,Full MS,Sankt Gallen,Stiftsbibliothek,Switzerland,47.42391,9.37477,,https://journals.lib.sfu.ca/index.php/asmmf/article/view/5855,Ker A27,https://kg.searobend.adaptcentre.ie/notional-manuscript/Ker/A27
082,"St. Gallen, Stiftsbibliothek, Cod. Sang. 299",Some Old English glosses,https://www.e-codices.unifr.ch/en/list/one/csg/0299,Full MS,Sankt Gallen,Stiftsbibliothek,Switzerland,47.42391,9.37477,,https://journals.lib.sfu.ca/index.php/asmmf/article/view/5856,Ker A28,https://kg.searobend.adaptcentre.ie/notional-manuscript/Ker/A28
083,"St. Gallen, Stiftsbibliothek, Cod. Sang. 9","Some Old English biblical glosses (<a href=""https://www.e-codices.unifr.ch/en/csg/0009/275"" target=""_blank"">pp. 275–278</a>) ",https://www.e-codices.unifr.ch/en/list/one/csg/0009,Full MS,Sankt Gallen,Stiftsbibliothek,Switzerland,47.42391,9.37477,,https://journals.lib.sfu.ca/index.php/asmmf/article/view/5853,Ker A24,https://kg.searobend.adaptcentre.ie/notional-manuscript/Ker/A24
084,"St. Gallen, Stiftsbibliothek, Cod. Sang. 913","3 glosses perhaps in OE (<a href=""https://www.e-codices.unifr.ch/en/csg/0913/105/0/"" target=""_blank"">p. 105</a>); glossary on Leviticus with 22 OE glosses (<a href=""https://www.e-codices.unifr.ch/en/csg/0913/139"" target=""_blank"">pp. 139–145</a>) ",https://www.e-codices.unifr.ch/en/list/one/csg/0913,Full MS,Sankt Gallen,Stiftsbibliothek,Switzerland,47.42391,9.37477,,https://journals.lib.sfu.ca/index.php/asmmf/article/view/5857,Ker A29,https://kg.searobend.adaptcentre.ie/notional-manuscript/Ker/A29
085,"St. Paul in Lavanttal, Benediktinerstift, Cod. 82/1","Biblical glosses in part related to the ""Leiden family"" glossaries",,Full MS,Sankt Paul im Lavanttal,Bibliothek des Benediktinerstiftes St. Paul,Austria,46.70056,14.87556,,https://journals.lib.sfu.ca/index.php/asmmf/article/view/5947,Ker A31,https://kg.searobend.adaptcentre.ie/notional-manuscript/Ker/A31
086,"France, Sélestat, Bibliothèque Humaniste - 7 (CGM 100)",Glosae' on fols. 44 sqq. include a section with some elements of Old English resembling the Leiden Glossary,https://bhnumerique.ville-selestat.fr/client/fr_FR/search/asset/4885,Full MS,Sélestat,Bibliothèque Humaniste,France,48.26195,7.4489,,https://journals.lib.sfu.ca/index.php/asmmf/article/view/5816,Ker A33,https://kg.searobend.adaptcentre.ie/notional-manuscript/Ker/A33
087,"Sens, Musee de Sens (Tresor de la Cathedral), [Prou 158]",Detached label from a saints' relic is partly in Old English (no.158). It is pinned to a tablet stored in display cabinet in the Treasury Room,,Fragment,Sens,Musée de Sens,France,48.19738,3.28328,,https://journals.lib.sfu.ca/index.php/asmmf/article/view/5996,Ker 383,https://kg.searobend.adaptcentre.ie/notional-manuscript/Ker/383
088,"Sondershausen, Schloßmuseum, Lat. Liturg. IX 1",Old English interlinear glosses to the Psalter (N-Psalter),Not digitally available,Fragment,Sondershausen,Schloßmuseum,Germany,51.36973,10.87011,https://clasp.ell.ox.ac.uk/db-latest/apmo/entry/141,https://journals.lib.sfu.ca/index.php/asmmf/article/view/5709,Ker [433],https://kg.searobend.adaptcentre.ie/notional-manuscript/Ker/433
089,"Marburg, Hessisches Staatsarchiv, MS 319",fetherhaman' and above it ‘sax’ follow the word 'Talaria' (Aeneid 4.240) on one of two leaves containing excerpts from the commentary of Servius on the Aeneid,,Fragment,Marburg,Hessisches Staatsarchiv,Germany,50.80904,8.77069,https://clasp.ell.ox.ac.uk/db-latest/apmo/entry/849.6,https://journals.lib.sfu.ca/index.php/asmmf/article/view/5648,Ker 421,https://kg.searobend.adaptcentre.ie/notional-manuscript/Ker/421
090,"Stockholm, Kungliga Biblioteket, A. 135",Old English inscription in Codex Aureus on fol. 11,https://www.manuscripta.se/ms/100501,Full MS,Stockholm,Kungliga biblioteket,Sweden,59.32938,18.06871,https://clasp.ell.ox.ac.uk/db-latest/apmo/entry/9377,https://journals.lib.sfu.ca/index.php/asmmf/article/view/5997,Ker 385,https://kg.searobend.adaptcentre.ie/notional-manuscript/Ker/385
091,"Stuttgart, Württembergische Landesbibliothek, Cod. theol. et phil. 2° 218","Biblical glosses, some of which correspond to sections of the Leiden glossary",,Full MS,Stuttgart,Württembergische Landesbibliothek,Germany,48.78232,9.17702,,,Ker A34,https://kg.searobend.adaptcentre.ie/notional-manuscript/Ker/A34
092,"Den Haag, Koninklijke Bibliotheek, 70 H 7, fol. 42-65","Cuthbert's letter on the death of Bede on fols. 42-45, Bede's Death Song",,Full MS,The Hague,Koninklijke Bibliotheek,Netherlands,52.07667,4.29861,,https://journals.lib.sfu.ca/index.php/asmmf/article/view/5701,Ker A12,https://kg.searobend.adaptcentre.ie/notional-manuscript/Ker/A12
093,"Den Haag, Koninklijke Bibliotheek, 133 D 22",Fragments of three homilies of Ællfric's first series of Sermones catholici,,Fragment,The Hague,Koninklijke Bibliotheek,Netherlands,52.07667,4.29861,https://clasp.ell.ox.ac.uk/db-latest/apmo/entry/830,,Ker 118,https://kg.searobend.adaptcentre.ie/notional-manuscript/Ker/118
094,"Tournai, Bibliothèque de la Ville, 134","Credmon's Hymn added in the margin of a s. xii copy of Bede's Historia ecclesiastica. <br><br><a href=""https://caedmon.seenet.org/htm/transcription/to/parallel.html"" target=""_blank"">Some images available online</a>",,Full MS,Tournai,Bibliothèque de la Ville,Belgium,50.60715,3.38932,,,Ker 387,https://kg.searobend.adaptcentre.ie/notional-manuscript/Ker/387
095,"Trier, Bibliothek des Bischöflichen Priesterseminars 61",Old English glosses and on fol. 115v a table of runes probably derived from an OE futhorc,,Full MS,Trier,Biblio­thek des Bischöflichen Priesterseminars Trier,Germany,49.75564957,6.63934994,,https://journals.lib.sfu.ca/index.php/asmmf/article/view/5998,Ker A36,https://kg.searobend.adaptcentre.ie/notional-manuscript/Ker/A36
096,"Trier, Wissenschaftliche Bibliothek, Hs. 40/1018 8'","A few glosses derived from Old English in an alphabetical glossary on fols. 53v-132v. <br><br><a href=""https://handschriftencensus.de/8843"" target=""_blank"">Some images available online</a>",,Full MS,Trier,"Wissenschaftliche Bibliothek der Stadt Trier, Stadtarchiv und Schatzkammer",Germany,49.75564957,6.63934994,,https://journals.lib.sfu.ca/index.php/asmmf/article/view/5999,Ker A35,https://kg.searobend.adaptcentre.ie/notional-manuscript/Ker/A35
097,"Vatican, Biblioteca Apostolica Vaticana, Pal. lat. 1746",Some Old English glosses in item 7,https://bibliotheca-laureshamensis-digital.de/bav/bav_pal_lat_1746,Full MS,Vatican City,Biblioteca Apostolica Vaticana,Vatican City,41.90268,12.45414,,https://journals.lib.sfu.ca/index.php/asmmf/article/view/6011,Ker A45,https://kg.searobend.adaptcentre.ie/notional-manuscript/Ker/A45
098,"Vatican, Biblioteca Apostolica Vaticana, Pal. lat. 68","Old English notes on <a href=""https://bibliotheca-laureshamensis-digital.de/bav/bav_pal_lat_68/0028/image,info,thumbs"" target=""_blank"">fol. 12v</a>, <a href=""https://bibliotheca-laureshamensis-digital.de/bav/bav_pal_lat_68/0033/image,info,thumbs"" target=""_blank""> fol.15</a>, <a href=""https://bibliotheca-laureshamensis-digital.de/bav/bav_pal_lat_68/0044/image,info,thumbs"" target=""_blank"">fol. 20v</a> in Northumbrian dialect, distinguished with diagonal strokes over the letters",https://bibliotheca-laureshamensis-digital.de/bav/bav_pal_lat_68,Full MS,Vatican City,Biblioteca Apostolica Vaticana,Vatican City,41.90268,12.45414,https://clasp.ell.ox.ac.uk/db-latest/apmo/entry/909,https://journals.lib.sfu.ca/index.php/asmmf/article/view/6010,Ker 388,https://kg.searobend.adaptcentre.ie/notional-manuscript/Ker/388
099,"Vatican, Biblioteca Apostolica Vaticana, Reg. lat. 1283, pt. A",Extracts from Ælfric's version of Bede's De temporibus,https://digi.vatlib.it/view/MSS_Reg.lat.1283.pt.A,Full MS,Vatican City,Biblioteca Apostolica Vaticana,Vatican City,41.90268,12.45414,https://clasp.ell.ox.ac.uk/db-latest/apmo/entry/918,https://journals.lib.sfu.ca/index.php/asmmf/article/view/6017,Ker 393,https://kg.searobend.adaptcentre.ie/notional-manuscript/Ker/393
100,"Vatican, Biblioteca Apostolica Vaticana, Reg. lat. 204",Sixteen glosses to Bede's versified life of St. Cuthbert,https://digi.vatlib.it/view/MSS_Reg.lat.204,Full MS,Vatican City,Biblioteca Apostolica Vaticana,Vatican City,41.90268,12.45414,https://clasp.ell.ox.ac.uk/db-latest/apmo/entry/913,https://journals.lib.sfu.ca/index.php/asmmf/article/view/6012,Ker 389,https://kg.searobend.adaptcentre.ie/notional-manuscript/Ker/389
101,"Vatican, Biblioteca Apostolica Vaticana, Reg. lat. 338, ff. 64-123",Old English in the blank spaces of a manuscript containing the Eclogae de ordine romano,https://digi.vatlib.it/view/MSS_Reg.lat.338,Full MS,Vatican City,Biblioteca Apostolica Vaticana,Vatican City,41.90268,12.45414,https://clasp.ell.ox.ac.uk/db-latest/apmo/entry/914,https://journals.lib.sfu.ca/index.php/asmmf/article/view/6013,Ker 390_1976,https://kg.searobend.adaptcentre.ie/notional-manuscript/Ker/390_1976
102,"Vatican, Biblioteca Apostolica Vaticana, Pal. lat. 497","A complete leaf of a manuscript of Alfred's translation of Orosius (<a href=""https://digi.ub.uni-heidelberg.de/diglit/bav_pal_lat_497/0147/image,info,thumbs"" target=""""_blank>fol. 71</a>)",https://digi.ub.uni-heidelberg.de/diglit/bav_pal_lat_497,Full MS,Vatican City,Biblioteca Apostolica Vaticana,Vatican City,41.90268,12.45414,https://clasp.ell.ox.ac.uk/db-latest/apmo/entry/916,https://journals.lib.sfu.ca/index.php/asmmf/article/view/6014,Ker 391,https://kg.searobend.adaptcentre.ie/notional-manuscript/Ker/391
103,"Vatican, Biblioteca Apostolica Vaticana, Reg. lat. 946",20 lines a decree of King Æðelred on fol. 75v,https://digi.vatlib.it/view/MSS_Reg.lat.946,Full MS,Vatican City,Biblioteca Apostolica Vaticana,Vatican City,41.90268,12.45414,https://clasp.ell.ox.ac.uk/db-latest/apmo/entry/917,https://journals.lib.sfu.ca/index.php/asmmf/article/view/6015,Ker 392,https://kg.searobend.adaptcentre.ie/notional-manuscript/Ker/392
104,"Vercelli, Biblioteca Capitolare CXVII","23 prose homilies, Andreas, The Fates of the Apostles, Soul and Body 1, Dream of the Rood, Elene, prose vita of Saint Guthlac, Homiletic fragment 1",https://vercellibook.github.io/dvb-diplomatic/,Full MS,Vercelli,Biblioteca Capitolare,Italy,45.32163,8.41989,https://clasp.ell.ox.ac.uk/db-latest/apmo/entry/941,https://journals.lib.sfu.ca/index.php/asmmf/article/view/6018,Ker 394,https://kg.searobend.adaptcentre.ie/notional-manuscript/Ker/394
105,"Vienna, Österreichische Nationalbibliothek, Cod. 1761 HAN MAG","One Old English context gloss on <a href=""https://viewer.onb.ac.at/131FFA1D/102"" target=""_blank"">fol.46v/8-9</a>; ""larus uocat(ur) saxonice meu(m)_ musare [above:f(rancisce)""",https://viewer.onb.ac.at/131FFA1D,Full MS,Vienna,Österreichische Nationalbibliothek,Austria,48.20848846,16.37207985,,https://journals.lib.sfu.ca/index.php/asmmf/article/view/5950,Ker A38,https://kg.searobend.adaptcentre.ie/notional-manuscript/Ker/A38
106,"Vienna, Österreichische Nationalbibliothek, Cod. 751 HAN MAG","The passage 'memento saxonicum uerbum. oft dædlata dome foreldit sigisitha gahuem suuyltit thi ana on <a href=""https://viewer.onb.ac.at/10B7BF3F/77"" target=""_blank"">fol. 34</a> of  a letter beginning with 'Reuerentissimo atque sanctissimo .N. ego minimus nomine latito'",https://viewer.onb.ac.at/10B7BF3F,Full MS,Vienna,Österreichische Nationalbibliothek,Austria,48.20848846,16.37207985,,https://journals.lib.sfu.ca/index.php/asmmf/article/view/5949,Ker A37,https://kg.searobend.adaptcentre.ie/notional-manuscript/Ker/A37
107,"Essen- Werden, Kath. Propstegemeinde St. Ludgerus, Fragmente Nr. 2.",The Werden Glossary,??? https://www.ulb.hhu.de/sammlungen/historische-sammlungen-und-bibliotheken/inventar-der-handschriftenfragmente?content=4&sigId=2822 ,Fragment,Werden,Propsteipfarrei St. Ludgerus,Germany,51.38829,7.00307,,https://journals.lib.sfu.ca/index.php/asmmf/article/view/6000,Ker A39,https://kg.searobend.adaptcentre.ie/notional-manuscript/Ker/A39
108,"Würzburg, Universitätsbibliothek M.p.th.f. 79","Scratched glosses to Isidore, Synonyma",http://vb.uni-wuerzburg.de/ub/permalink/mpthf79,Full MS,Würzburg,Julius-Maximilians-Universität Würzburg,Germany,49.79391,9.95121,https://clasp.ell.ox.ac.uk/db-latest/apmo/entry/946,https://journals.lib.sfu.ca/index.php/asmmf/article/view/5952,Ker 400,https://kg.searobend.adaptcentre.ie/notional-manuscript/Ker/400
109,"Würzburg, Universitätsbibliothek, MS p. th. q. 2","The words 'Cuthsuuithae . boec . thaerae abbatissan' on <a href=""http://vb.uni-wuerzburg.de/ub/permalink/mpthq2-1"" target=""_blank"">fol. 1r</a> of a manuscript of Jerome on Ecclesiastes",http://vb.uni-wuerzburg.de/ub/permalink/mpthq2,Full MS,Würzburg,Julius-Maximilians-Universität Würzburg,Germany,49.79391,9.95121,https://clasp.ell.ox.ac.uk/db-latest/apmo/entry/944,https://journals.lib.sfu.ca/index.php/asmmf/article/view/5951,Ker 401,https://kg.searobend.adaptcentre.ie/notional-manuscript/Ker/401
110,"Copenhagen, Rigsarkivet, Middelaldersamlingen Aftagne Fragments
Numbers 637-698",Ælfric's homilies,??? https://daisy.rigsarkivet.dk/arkivserie_detaljer?heid=198250,Fragment,Copenhagen,Rigsarkivet,Denmark,55.67594,12.56553,https://clasp.ell.ox.ac.uk/db-latest/apmo/entry/816.6,https://journals.lib.sfu.ca/index.php/asmmf/article/view/5873,Ker 424,https://kg.searobend.adaptcentre.ie/notional-manuscript/Ker/424
111,"Paris, Bibliothèque de l'Arsenal, 903, ff. 1-52",,https://gallica.bnf.fr/ark:/12148/btv1b10883078v,Full MS,Paris,Bibliothèque de l'Arsenal,France,48.85340881,2.34879994,https://clasp.ell.ox.ac.uk/db-latest/apmo/entry/903,,,
112,"St. Gallen, Stiftsbibliothek, Cod. Sang. 248","Old English names of the months included in the chapter De mensibus Anglorum of Bede’s De temporum ratione (<a href=""https://www.e-codices.ch/en/csg/0248/124"" target=""_blank"">p. 124–125</a>) ",https://www.e-codices.ch/en/list/one/csg/0248,Full MS,Sankt Gallen,Stiftsbibliothek,Switzerland,47.42391,9.37477,,,,
113,"St. Gallen, Stiftsbibliothek, Cod. Sang. 250","Old English names of the months included in the chapter De mensibus Anglorum of Bede’s De temporum ratione (<a href=""https://www.e-codices.ch/en/csg/0250/216"" target=""_blank"">p. 216–218</a>) ",https://www.e-codices.ch/en/list/one/csg/0250,Full MS,Sankt Gallen,Stiftsbibliothek,Switzerland,47.42391,9.37477,,,,
114,"St. Gallen, Stiftsbibliothek, Cod. Sang. 251","Old English names of the months included in the chapter De mensibus Anglorum of Bede’s De temporum ratione (<a href=""https://www.e-codices.ch/en/csg/0251/69"" target=""_blank"">p. 69–70</a>)",https://www.e-codices.ch/en/list/one/csg/0251,Full MS,Sankt Gallen,Stiftsbibliothek,Switzerland,47.42391,9.37477,,,,
115,"St. Gallen, Stiftsbibliothek, Cod. Sang. 270","Anglo-Saxon fuþorc with Old English rune names, as well as runes recast in alphabetical order (<a href=""https://www.e-codices.ch/en/csg/0270/52"" target=""_blank"">p. 52</a>)",https://www.e-codices.ch/en/list/one/csg/0270,Full MS,Sankt Gallen,Stiftsbibliothek,Switzerland,47.42391,9.37477,,,,
116,"St. Gallen, Stiftsbibliothek, Cod. Sang. 459","Old English names of the months included in the chapter De mensibus Anglorum of Bede’s De temporum ratione (<a href=""https://www.e-codices.ch/en/csg/0459/206"" target=""_blank"">p. 206–208</a>)",https://www.e-codices.ch/en/list/one/csg/0459,Full MS,Sankt Gallen,Stiftsbibliothek,Switzerland,47.42391,9.37477,,,,
117,"St. Gallen, Stiftsbibliothek, Cod. Sang. 878","Anglo-Saxon rune row (fuþorc) and Old English rune names (<a href=""https://www.e-codices.unifr.ch/en/csg/0878/321"" target=""_blank"">p. 321</a>)",https://www.e-codices.ch/en/list/one/csg/0878,Full MS,Sankt Gallen,Stiftsbibliothek,Switzerland,47.42391,9.37477,,,,
118,"Dresden, Sächsische Landesbibliothek, Mscr.Dresd.Dc.160",Old English glosses and names of herbs,http://digital.slub-dresden.de/id1972100300 ,Full MS,Dresden,Sächsische Landesbibliothek – Staats- und Universitätsbibliothek,Germany,51.05089,13.73832,,,,
119,"Dresden, Sächsische Landesbibliothek, Mscr.Dresd.Dc.186",Old English glosses and names of herbs,http://digital.slub-dresden.de/id1962149595 ,Full MS,Dresden,Sächsische Landesbibliothek – Staats- und Universitätsbibliothek,Germany,51.05089,13.73832,,,,
120,"Dresden, Sächsische Landesbibliothek, Mscr.Dresd.Dc.185",Old English glosses and names of herbs,,Full MS,Dresden,Sächsische Landesbibliothek – Staats- und Universitätsbibliothek,Germany,51.05089,13.73832,,,,